gu,dong
강서구,강동동
강서구,구랑동
강서구,녹산동
강서구,대저1동
강서구,대저2동
강서구,대항동
강서구,명지동
강서구,범방동
강서구,봉림동
강서구,생곡동
강서구,송정동
강서구,식만동
강서구,신호동
강서구,죽림동
강서구,천성동
강서구,화전동
금정구,구서동
금정구,금사동
금정구,남산동
금정구,부곡동
금정구,서동
금정구,청룡동
기장군,기장읍
기장군,일광면
기장군,장안읍
기장군,정관읍
기장군,철마면
남구,감만동
남구,대연동
남구,문현동
남구,용당동
남구,용호동
남구,우암동
동구,범일동
동구,수정동
동구,좌천동
동구,초량동
동래구,명륜동
동래구,명장동
동래구,복천동
동래구,온천동
부산진구,가야동
부산진구,개금동
부산진구,범천동
부산진구,부전동
부산진구,전포동
북구,구포동
북구,덕천동
북구,만덕동
북구,화명동
사상구,감전동
사상구,괘법동
사상구,덕포동
사상구,모라동
사상구,삼락동
사상구,엄궁동
사상구,주례동
사상구,학장동
사하구,감천동
사하구,괴정동
사하구,다대동
사하구,당리동
사하구,신평동
사하구,장림동
사하구,하단동
서구,남부민동
서구,동대신동1가
서구,동대신동2가
서구,부민동3가
서구,부용동1가
서구,서대신동2가
서구,서대신동3가
서구,아미동1가
서구,아미동2가
서구,암남동
서구,초장동
서구,충무동1가
서구,토성동1가
서구,토성동3가
수영구,광안동
수영구,남천동
수영구,망미동
수영구,민락동
연제구,거제동
연제구,연산동
영도구,남항동2가
영도구,남항동3가
영도구,대평동1가
영도구,동삼동
영도구,봉래동1가
영도구,봉래동3가
영도구,봉래동5가
영도구,신선동1가
영도구,신선동2가
영도구,영선동4가
영도구,청학동
중구,남포동4가
중구,남포동6가
중구,대청동1가
중구,대청동4가
중구,동광동1가
중구,보수동1가
중구,보수동3가
중구,부평동1가
중구,부평동2가
중구,부평동3가
중구,신창동3가
중구,신창동4가
중구,영주동
중구,중앙동2가
중구,중앙동4가
중구,중앙동6가
해운대구,반송동
해운대구,반여동
해운대구,송정동
해운대구,우동
해운대구,재송동
해운대구,좌동
해운대구,중동
